,species,doi,variety,location,date,treatment,element,oxidative_state,spiked_soil,chemical_form,soil_concentration,plant_concentration,concentration_units,bcf,manually_calculated_bcf,plant_component,dry_weight,natural_soil,soil_ph,organic_matter_pct,soil_type,irrigation,fertilization,duration_days,notes
0,hemp,10.1186/1752-153x-6-122,Zenit,"Gleyed chernozem soils, Banat region, Romania",2011,Average of all fertilization levels and seed spacings (20cm/50cm),Ca,,False,,2310.0,6491.0,mg·kg⁻¹,2.82,True,Seed,True,True,,,gleyed chernozem,,"Various (b0,b1,b2) treatments",,Average across fertilizations and seed spacings
1,hemp,10.1186/1752-153x-6-122,Zenit,"Gleyed chernozem soils, Banat region, Romania",2011,Average of all fertilization levels and seed spacings (20cm/50cm),Mg,,False,,348.0,3954.0,mg·kg⁻¹,11.36,True,Seed,True,True,,,gleyed chernozem,,"Various (b0,b1,b2) treatments",,Average across fertilizations and seed spacings
2,hemp,10.1186/1752-153x-6-122,Zenit,"Gleyed chernozem soils, Banat region, Romania",2011,Average of all fertilization levels and seed spacings (20cm/50cm),K,,False,,245.0,18897.0,mg·kg⁻¹,77.05,True,Seed,True,True,,,gleyed chernozem,,"Various (b0,b1,b2) treatments",,Average across fertilizations and seed spacings
3,hemp,10.1186/1752-153x-6-122,Zenit,"Gleyed chernozem soils, Banat region, Romania",2011,Average of all fertilization levels and seed spacings (20cm/50cm),Fe,,False,,19765.0,1859.0,mg·kg⁻¹,0.09,True,Seed,True,True,,,gleyed chernozem,,"Various (b0,b1,b2) treatments",,Average across fertilizations and seed spacings
4,hemp,10.1186/1752-153x-6-122,Zenit,"Gleyed chernozem soils, Banat region, Romania",2011,Average of all fertilization levels and seed spacings (20cm/50cm),Mn,,False,,176.5,72.0,mg·kg⁻¹,0.41,True,Seed,True,True,,,gleyed chernozem,,"Various (b0,b1,b2) treatments",,Average across fertilizations and seed spacings
5,hemp,10.1186/1752-153x-6-122,Diana,"Gleyed chernozem soils, Banat region, Romania",2011,Average of all fertilization levels and seed spacings (20cm/50cm),Ca,,False,,2310.0,2593.0,mg·kg⁻¹,1.12,True,Seed,True,True,,,gleyed chernozem,,"Various (b0,b1,b2) treatments",,Average across fertilizations and seed spacings
6,hemp,10.1186/1752-153x-6-122,Diana,"Gleyed chernozem soils, Banat region, Romania",2011,Average of all fertilization levels and seed spacings (20cm/50cm),Mg,,False,,348.0,2971.0,mg·kg⁻¹,8.54,True,Seed,True,True,,,gleyed chernozem,,"Various (b0,b1,b2) treatments",,Average across fertilizations and seed spacings
7,hemp,10.1186/1752-153x-6-122,Diana,"Gleyed chernozem soils, Banat region, Romania",2011,Average of all fertilization levels and seed spacings (20cm/50cm),K,,False,,245.0,5693.0,mg·kg⁻¹,23.24,True,Seed,True,True,,,gleyed chernozem,,"Various (b0,b1/b2) treatments",,Average across fertilizations and seed spacings
8,hemp,10.1186/1752-153x-6-122,Diana,"Gleyed chernozem soils, Banat region, Romania",2011,Average of all fertilization levels and seed spacings (20cm/50cm),Fe,,False,,19765.0,1708.0,mg·kg⁻¹,0.09,True,Seed,True,True,,,gleyed chernozem,,"Various (b0,b1/b2) treatments",,Average across fertilizations and seed spacings
9,hemp,10.1186/1752-153x-6-122,Diana,"Gleyed chernozem soils, Banat region, Romania",2011,Average of all fertilization levels and seed spacings (20cm/50cm),Mn,,False,,176.5,91.0,mg·kg⁻¹,0.52,True,Seed,True,True,,,gleyed chernozem,,"Various (b0,b1/b2) treatments",,Average across fertilizations and seed spacings
10,hemp,10.1186/1752-153x-6-122,Denise,"Gleyed chernozem soils, Banat region, Romania",2011,Average of all fertilization levels and seed spacings (20cm/50cm),Ca,,False,,2310.0,2112.0,mg·kg⁻¹,0.91,True,Seed,True,True,,,gleyed chernozem,,"Various (b0,b1/b2) treatments",,Average across fertilizations and seed spacings
11,hemp,10.1186/1752-153x-6-122,Denise,"Gleyed chernozem soils, Banat region, Romania",2011,Average of all fertilization levels and seed spacings (20cm/50cm),Mg,,False,,348.0,3139.0,mg·kg⁻¹,9.04,True,Seed,True,True,,,gleyed chernozem,,"Various (b0,b1/b2) treatments",,Average across fertilizations and seed spacings
12,hemp,10.1186/1752-153x-6-122,Denise,"Gleyed chernozem soils, Banat region, Romania",2011,Average of all fertilization levels and seed spacings (20cm/50cm),K,,False,,245.0,6077.0,mg·kg⁻¹,24.8,True,Seed,True,True,,,gleyed chernozem,,"Various (b0,b1/b2) treatments",,Average across fertilizations and seed spacings
13,hemp,10.1186/1752-153x-6-122,Denise,"Gleyed chernozem soils, Banat region, Romania",2011,Average of all fertilization levels and seed spacings (20cm/50cm),Fe,,False,,19765.0,1675.0,mg·kg⁻¹,0.09,True,Seed,True,True,,,gleyed chernozem,,"Various (b0,b1/b2) treatments",,Average across fertilizations and seed spacings
14,hemp,10.1186/1752-153x-6-122,Denise,"Gleyed chernozem soils, Banat region, Romania",2011,Average of all fertilization levels and seed spacings (20cm/50cm),Mn,,False,,176.5,96.0,mg·kg⁻¹,0.54,True,Seed,True,True,,,gleyed chernozem,,"Various (b0,b1/b2) treatments",,Average across fertilizations and seed spacings
15,hemp,10.1186/1752-153x-6-122,Armanca,"Gleyed chernozem soils, Banat region, Romania",2011,Average of all fertilization levels and seed spacings (20cm/50cm),Ca,,False,,2310.0,2321.0,mg·kg⁻¹,1.01,True,Seed,True,True,,,gleyed chernozem,,"Various (b0,b1/b2) treatments",,Average across fertilizations and seed spacings
16,hemp,10.1186/1752-153x-6-122,Armanca,"Gleyed chernozem soils, Banat region, Romania",2011,Average of all fertilization levels and seed spacings (20cm/50cm),Mg,,False,,348.0,3420.0,mg·kg⁻¹,9.84,True,Seed,True,True,,,gleyed chernozem,,"Various (b0,b1/b2) treatments",,Average across fertilizations and seed spacings
17,hemp,10.1186/1752-153x-6-122,Armanca,"Gleyed chernozem soils, Banat region, Romania",2011,Average of all fertilization levels and seed spacings (20cm/50cm),K,,False,,245.0,9907.0,mg·kg⁻¹,40.44,True,Seed,True,True,,,gleyed chernozem,,"Various (b0,b1/b2) treatments",,Average across fertilizations and seed spacings
18,hemp,10.1186/1752-153x-6-122,Armanca,"Gleyed chernozem soils, Banat region, Romania",2011,Average of all fertilization levels and seed spacings (20cm/50cm),Fe,,False,,19765.0,1606.0,mg·kg⁻¹,0.08,True,Seed,True,True,,,gleyed chernozem,,"Various (b0,b1/b2) treatments",,Average across fertilizations and seed spacings
19,hemp,10.1186/1752-153x-6-122,Armanca,"Gleyed chernozem soils, Banat region, Romania",2011,Average of all fertilization levels and seed spacings (20cm/50cm),Mn,,False,,176.5,81.0,mg·kg⁻¹,0.46,True,Seed,True,True,,,gleyed chernozem,,"Various (b0,b1/b2) treatments",,Average across fertilizations and seed spacings
20,hemp,10.1186/1752-153x-6-122,Silvana,"Gleyed chernozem soils, Banat region, Romania",2011,Average of all fertilization levels and seed spacings (20cm/50cm),Ca,,False,,2310.0,1866.0,mg·kg⁻¹,0.81,True,Seed,True,True,,,gleyed chernozem,,"Various (b0,b1/b2) treatments",,Average across fertilizations and seed spacings
21,hemp,10.1186/1752-153x-6-122,Silvana,"Gleyed chernozem soils, Banat region, Romania",2011,Average of all fertilization levels and seed spacings (20cm/50cm),Mg,,False,,348.0,4644.0,mg·kg⁻¹,13.34,True,Seed,True,True,,,gleyed chernozem,,"Various (b0,b1/b2) treatments",,Average across fertilizations and seed spacings
22,hemp,10.1186/1752-153x-6-122,Silvana,"Gleyed chernozem soils, Banat region, Romania",2011,Average of all fertilization levels and seed spacings (20cm/50cm),K,,False,,245.0,12278.0,mg·kg⁻¹,50.11,True,Seed,True,True,,,gleyed chernozem,,"Various (b0,b1/b2) treatments",,Average across fertilizations and seed spacings
23,hemp,10.1186/1752-153x-6-122,Silvana,"Gleyed chernozem soils, Banat region, Romania",2011,Average of all fertilization levels and seed spacings (20cm/50cm),Fe,,False,,19765.0,1596.0,mg·kg⁻¹,0.08,True,Seed,True,True,,,gleyed chernozem,,"Various (b0,b1/b2) treatments",,Average across fertilizations and seed spacings
24,hemp,10.1186/1752-153x-6-122,Silvana,"Gleyed chernozem soils, Banat region, Romania",2011,Average of all fertilization levels and seed spacings (20cm/50cm),Mn,,False,,176.5,86.0,mg·kg⁻¹,0.49,True,Seed,True,True,,,gleyed chernozem,,"Various (b0,b1/b2) treatments",,Average across fertilizations and seed spacings
25,Cannabis sativa,10.3390/agronomy10060907,Białobrzeskie,"Poświętne, Poland (52°38′07.5″ N, 20°22′51.3″ E)",2016,Control,Cd,,False,,0.13,0.075,mg/kg,0.54,False,Straw,True,True,,,Luvisol (loamy sand),,,180.0,Field experiment. Data are means for 2014-2016. Soil concentration is for 'available' forms (1 M HCl extractant).
26,Cannabis sativa,10.3390/agronomy10060907,Białobrzeskie,"Poświętne, Poland (52°38′07.5″ N, 20°22′51.3″ E)",2016,Control,Cd,,False,,0.13,0.13,mg/kg,0.97,False,Inflorescences,True,True,,,Luvisol (loamy sand),,,180.0,Field experiment. Data are means for 2014-2016. Soil concentration is for 'available' forms (1 M HCl extractant).
27,Cannabis sativa,10.3390/agronomy10060907,Tygra,"Poświętne, Poland (52°38′07.5″ N, 20°22′51.3″ E)",2016,Control,Cd,,False,,0.12,0.085,mg/kg,0.67,False,Straw,True,True,,,Luvisol (loamy sand),,,180.0,Field experiment. Data are means for 2014-2016. Soil concentration is for 'available' forms (1 M HCl extractant).
28,Cannabis sativa,10.3390/agronomy10060907,Tygra,"Poświętne, Poland (52°38′07.5″ N, 20°22′51.3″ E)",2016,Control,Cd,,False,,0.12,0.16,mg/kg,1.42,False,Inflorescences,True,True,,,Luvisol (loamy sand),,,180.0,Field experiment. Data are means for 2014-2016. Soil concentration is for 'available' forms (1 M HCl extractant).
29,Cannabis sativa,10.3390/agronomy10060907,Beniko,"Poświętne, Poland (52°38′07.5″ N, 20°22′51.3″ E)",2016,Control,Cd,,False,,0.11,0.08,mg/kg,0.69,False,Straw,True,True,,,Luvisol (loamy sand),,,180.0,Field experiment. Data are means for 2014-2016. Soil concentration is for 'available' forms (1 M HCl extractant).
30,Cannabis sativa,10.3390/agronomy10060907,Beniko,"Poświętne, Poland (52°38′07.5″ N, 20°22′51.3″ E)",2016,Control,Cd,,False,,0.11,0.15,mg/kg,1.33,False,Inflorescences,True,True,,,Luvisol (loamy sand),,,180.0,Field experiment. Data are means for 2014-2016. Soil concentration is for 'available' forms (1 M HCl extractant).
31,Cannabis sativa,10.3390/agronomy10060907,Białobrzeskie,"Poświętne, Poland (52°38′07.5″ N, 20°22′51.3″ E)",2016,170 kg N/ha from sewage sludge,Cd,,False,,0.14,0.15,mg/kg,1.05,False,Straw,True,True,,,Luvisol (loamy sand),,,180.0,Field experiment. Data are means for 2014-2016. Soil concentration is for 'available' forms (1 M HCl extractant).
32,Cannabis sativa,10.3390/agronomy10060907,Białobrzeskie,"Poświętne, Poland (52°38′07.5″ N, 20°22′51.3″ E)",2016,170 kg N/ha from sewage sludge,Cd,,False,,0.14,0.19,mg/kg,1.45,False,Inflorescences,True,True,,,Luvisol (loamy sand),,,180.0,Field experiment. Data are means for 2014-2016. Soil concentration is for 'available' forms (1 M HCl extractant).
33,Cannabis sativa,10.3390/agronomy10060907,Tygra,"Poświętne, Poland (52°38′07.5″ N, 20°22′51.3″ E)",2016,170 kg N/ha from sewage sludge,Cd,,False,,0.13,0.175,mg/kg,1.31,False,Straw,True,True,,,Luvisol (loamy sand),,,180.0,Field experiment. Data are means for 2014-2016. Soil concentration is for 'available' forms (1 M HCl extractant).
34,Cannabis sativa,10.3390/agronomy10060907,Tygra,"Poświętne, Poland (52°38′07.5″ N, 20°22′51.3″ E)",2016,170 kg N/ha from sewage sludge,Cd,,False,,0.13,0.27,mg/kg,1.44,False,Inflorescences,True,True,,,Luvisol (loamy sand),,,180.0,Field experiment. Data are means for 2014-2016. Soil concentration is for 'available' forms (1 M HCl extractant).
35,Cannabis sativa,10.3390/agronomy10060907,Beniko,"Poświętne, Poland (52°38′07.5″ N, 20°22′51.3″ E)",2016,170 kg N/ha from sewage sludge,Cd,,False,,0.14,0.16,mg/kg,1.31,False,Straw,True,True,,,Luvisol (loamy sand),,,180.0,Field experiment. Data are means for 2014-2016. Soil concentration is for 'available' forms (1 M HCl extractant).
36,Cannabis sativa,10.3390/agronomy10060907,Beniko,"Poświętne, Poland (52°38′07.5″ N, 20°22′51.3″ E)",2016,170 kg N/ha from sewage sludge,Cd,,False,,0.14,0.22,mg/kg,2.0,False,Inflorescences,True,True,,,Luvisol (loamy sand),,,180.0,Field experiment. Data are means for 2014-2016. Soil concentration is for 'available' forms (1 M HCl extractant).
37,Cannabis sativa,10.3390/agronomy10060907,Białobrzeskie,"Poświętne, Poland (52°38′07.5″ N, 20°22′51.3″ E)",2016,170 kg N/ha from sewage sludge and 100 kg/ha of phosphogypsum,Cd,,False,,0.14,0.11,mg/kg,1.0,False,Straw,True,True,,,Luvisol (loamy sand),,,180.0,Field experiment. Data are means for 2014-2016. Soil concentration is for 'available' forms (1 M HCl extractant).
38,Cannabis sativa,10.3390/agronomy10060907,Białobrzeskie,"Poświętne, Poland (52°38′07.5″ N, 20°22′51.3″ E)",2016,170 kg N/ha from sewage sludge and 100 kg/ha of phosphogypsum,Cd,,False,,0.14,0.17,mg/kg,1.33,False,Inflorescences,True,True,,,Luvisol (loamy sand),,,180.0,Field experiment. Data are means for 2014-2016. Soil concentration is for 'available' forms (1 M HCl extractant).
39,Cannabis sativa,10.3390/agronomy10060907,Tygra,"Poświętne, Poland (52°38′07.5″ N, 20°22′51.3″ E)",2016,170 kg N/ha from sewage sludge and 100 kg/ha of phosphogypsum,Cd,,False,,0.13,0.12,mg/kg,1.39,False,Straw,True,True,,,Luvisol (loamy sand),,,180.0,Field experiment. Data are means for 2014-2016. Soil concentration is for 'available' forms (1 M HCl extractant).
40,Cannabis sativa,10.3390/agronomy10060907,Tygra,"Poświętne, Poland (52°38′07.5″ N, 20°22′51.3″ E)",2016,170 kg N/ha from sewage sludge and 100 kg/ha of phosphogypsum,Cd,,False,,0.13,0.21,mg/kg,1.33,False,Inflorescences,True,True,,,Luvisol (loamy sand),,,180.0,Field experiment. Data are means for 2014-2016. Soil concentration is for 'available' forms (1 M HCl extractant).
41,Cannabis sativa,10.3390/agronomy10060907,Beniko,"Poświętne, Poland (52°38′07.5″ N, 20°22′51.3″ E)",2016,170 kg N/ha from sewage sludge and 100 kg/ha of phosphogypsum,Cd,,False,,0.14,0.12,mg/kg,1.21,False,Straw,True,True,,,Luvisol (loamy sand),,,180.0,Field experiment. Data are means for 2014-2016. Soil concentration is for 'available' forms (1 M HCl extractant).
42,Cannabis sativa,10.3390/agronomy10060907,Beniko,"Poświętne, Poland (52°38′07.5″ N, 20°22′51.3″ E)",2016,170 kg N/ha from sewage sludge and 100 kg/ha of phosphogypsum,Cd,,False,,0.14,0.18,mg/kg,1.74,False,Inflorescences,True,True,,,Luvisol (loamy sand),,,180.0,Field experiment. Data are means for 2014-2016. Soil concentration is for 'available' forms (1 M HCl extractant).
43,Cannabis sativa,10.3390/agronomy10060907,Białobrzeskie,"Poświętne, Poland (52°38′07.5″ N, 20°22′51.3″ E)",2016,170 kg N/ha from sewage sludge and 500 kg/ha of phosphogypsum,Cd,,False,,0.14,0.16,mg/kg,1.0,False,Straw,True,True,,,Luvisol (loamy sand),,,180.0,Field experiment. Data are means for 2014-2016. Soil concentration is for 'available' forms (1 M HCl extractant).
44,Cannabis sativa,10.3390/agronomy10060907,Białobrzeskie,"Poświętne, Poland (52°38′07.5″ N, 20°22′51.3″ E)",2016,170 kg N/ha from sewage sludge and 500 kg/ha of phosphogypsum,Cd,,False,,0.14,0.19,mg/kg,1.31,False,Inflorescences,True,True,,,Luvisol (loamy sand),,,180.0,Field experiment. Data are means for 2014-2016. Soil concentration is for 'available' forms (1 M HCl extractant).
45,Cannabis sativa,10.3390/agronomy10060907,Tygra,"Poświętne, Poland (52°38′07.5″ N, 20°22′51.3″ E)",2016,170 kg N/ha from sewage sludge and 500 kg/ha of phosphogypsum,Cd,,False,,0.13,0.18,mg/kg,1.45,False,Straw,True,True,,,Luvisol (loamy sand),,,180.0,Field experiment. Data are means for 2014-2016. Soil concentration is for 'available' forms (1 M HCl extractant).
46,Cannabis sativa,10.3390/agronomy10060907,Tygra,"Poświętne, Poland (52°38′07.5″ N, 20°22′51.3″ E)",2016,170 kg N/ha from sewage sludge and 500 kg/ha of phosphogypsum,Cd,,False,,0.13,0.22,mg/kg,1.36,False,Inflorescences,True,True,,,Luvisol (loamy sand),,,180.0,Field experiment. Data are means for 2014-2016. Soil concentration is for 'available' forms (1 M HCl extractant).
47,Cannabis sativa,10.3390/agronomy10060907,Beniko,"Poświętne, Poland (52°38′07.5″ N, 20°22′51.3″ E)",2016,170 kg N/ha from sewage sludge and 500 kg/ha of phosphogypsum,Cd,,False,,0.14,0.17,mg/kg,1.25,False,Straw,True,True,,,Luvisol (loamy sand),,,180.0,Field experiment. Data are means for 2014-2016. Soil concentration is for 'available' forms (1 M HCl extractant).
48,Cannabis sativa,10.3390/agronomy10060907,Beniko,"Poświętne, Poland (52°38′07.5″ N, 20°22′51.3″ E)",2016,170 kg N/ha from sewage sludge and 500 kg/ha of phosphogypsum,Cd,,False,,0.14,0.2,mg/kg,1.47,False,Inflorescences,True,True,,,Luvisol (loamy sand),,,180.0,Field experiment. Data are means for 2014-2016. Soil concentration is for 'available' forms (1 M HCl extractant).
49,Cannabis sativa,10.3390/agronomy10060907,Białobrzeskie,"Poświętne, Poland (52°38′07.5″ N, 20°22′51.3″ E)",2016,170 kg N/ha from sewage sludge and 1000 kg/ha of phosphogypsum,Cd,,False,,0.14,0.16,mg/kg,0.75,False,Straw,True,True,,,Luvisol (loamy sand),,,180.0,Field experiment. Data are means for 2014-2016. Soil concentration is for 'available' forms (1 M HCl extractant).
50,Cannabis sativa,10.3390/agronomy10060907,Białobrzeskie,"Poświętne, Poland (52°38′07.5″ N, 20°22′51.3″ E)",2016,170 kg N/ha from sewage sludge and 1000 kg/ha of phosphogypsum,Cd,,False,,0.14,0.19,mg/kg,1.17,False,Inflorescences,True,True,,,Luvisol (loamy sand),,,180.0,Field experiment. Data are means for 2014-2016. Soil concentration is for 'available' forms (1 M HCl extractant).
51,Cannabis sativa,10.3390/agronomy10060907,Tygra,"Poświętne, Poland (52°38′07.5″ N, 20°22′51.3″ E)",2016,170 kg N/ha from sewage sludge and 1000 kg/ha of phosphogypsum,Cd,,False,,0.13,0.15,mg/kg,1.36,False,Straw,True,True,,,Luvisol (loamy sand),,,180.0,Field experiment. Data are means for 2014-2016. Soil concentration is for 'available' forms (1 M HCl extractant).
52,Cannabis sativa,10.3390/agronomy10060907,Tygra,"Poświętne, Poland (52°38′07.5″ N, 20°22′51.3″ E)",2016,170 kg N/ha from sewage sludge and 1000 kg/ha of phosphogypsum,Cd,,False,,0.13,0.19,mg/kg,1.21,False,Inflorescences,True,True,,,Luvisol (loamy sand),,,180.0,Field experiment. Data are means for 2014-2016. Soil concentration is for 'available' forms (1 M HCl extractant).
53,Cannabis sativa,10.3390/agronomy10060907,Beniko,"Poświętne, Poland (52°38′07.5″ N, 20°22′51.3″ E)",2016,170 kg N/ha from sewage sludge and 1000 kg/ha of phosphogypsum,Cd,,False,,0.14,0.15,mg/kg,1.08,False,Straw,True,True,,,Luvisol (loamy sand),,,180.0,Field experiment. Data are means for 2014-2016. Soil concentration is for 'available' forms (1 M HCl extractant).
54,Cannabis sativa,10.3390/agronomy10060907,Beniko,"Poświętne, Poland (52°38′07.5″ N, 20°22′51.3″ E)",2016,170 kg N/ha from sewage sludge and 1000 kg/ha of phosphogypsum,Cd,,False,,0.14,0.18,mg/kg,1.22,False,Inflorescences,True,True,,,Luvisol (loamy sand),,,180.0,Field experiment. Data are means for 2014-2016. Soil concentration is for 'available' forms (1 M HCl extractant).
55,Cannabis sativa,10.3390/agronomy10060907,Białobrzeskie,"Poświętne, Poland (52°38′07.5″ N, 20°22′51.3″ E)",2016,Control,Cr,,False,,0.8,8.0,mg/kg,10.09,False,Straw,True,True,,,Luvisol (loamy sand),,,180.0,Field experiment. Data are means for 2014-2016. Soil concentration is for 'available' forms (1 M HCl extractant).
56,Cannabis sativa,10.3390/agronomy10060907,Białobrzeskie,"Poświętne, Poland (52°38′07.5″ N, 20°22′51.3″ E)",2016,Control,Cr,,False,,0.8,9.5,mg/kg,11.16,False,Inflorescences,True,True,,,Luvisol (loamy sand),,,180.0,Field experiment. Data are means for 2014-2016. Soil concentration is for 'available' forms (1 M HCl extractant).
57,Cannabis sativa,10.3390/agronomy10060907,Tygra,"Poświętne, Poland (52°38′07.5″ N, 20°22′51.3″ E)",2016,Control,Cr,,False,,0.8,7.8,mg/kg,10.6,False,Straw,True,True,,,Luvisol (loamy sand),,,180.0,Field experiment. Data are means for 2014-2016. Soil concentration is for 'available' forms (1 M HCl extractant).
58,Cannabis sativa,10.3390/agronomy10060907,Tygra,"Poświętne, Poland (52°38′07.5″ N, 20°22′51.3″ E)",2016,Control,Cr,,False,,0.8,11.0,mg/kg,15.94,False,Inflorescences,True,True,,,Luvisol (loamy sand),,,180.0,Field experiment. Data are means for 2014-2016. Soil concentration is for 'available' forms (1 M HCl extractant).
59,Cannabis sativa,10.3390/agronomy10060907,Beniko,"Poświętne, Poland (52°38′07.5″ N, 20°22′51.3″ E)",2016,Control,Cr,,False,,0.8,7.5,mg/kg,7.82,False,Straw,True,True,,,Luvisol (loamy sand),,,180.0,Field experiment. Data are means for 2014-2016. Soil concentration is for 'available' forms (1 M HCl extractant).
60,Cannabis sativa,10.3390/agronomy10060907,Beniko,"Poświętne, Poland (52°38′07.5″ N, 20°22′51.3″ E)",2016,Control,Cr,,False,,0.8,10.5,mg/kg,12.33,False,Inflorescences,True,True,,,Luvisol (loamy sand),,,180.0,Field experiment. Data are means for 2014-2016. Soil concentration is for 'available' forms (1 M HCl extractant).
61,Cannabis sativa,10.3390/agronomy10060907,Białobrzeskie,"Poświętne, Poland (52°38′07.5″ N, 20°22′51.3″ E)",2016,170 kg N/ha from sewage sludge,Cr,,False,,1.05,9.8,mg/kg,8.79,False,Straw,True,True,,,Luvisol (loamy sand),,,180.0,Field experiment. Data are means for 2014-2016. Soil concentration is for 'available' forms (1 M HCl extractant).
62,Cannabis sativa,10.3390/agronomy10060907,Białobrzeskie,"Poświętne, Poland (52°38′07.5″ N, 20°22′51.3″ E)",2016,170 kg N/ha from sewage sludge,Cr,,False,,1.05,17.5,mg/kg,14.3,False,Inflorescences,True,True,,,Luvisol (loamy sand),,,180.0,Field experiment. Data are means for 2014-2016. Soil concentration is for 'available' forms (1 M HCl extractant).
63,Cannabis sativa,10.3390/agronomy10060907,Tygra,"Poświętne, Poland (52°38′07.5″ N, 20°22′51.3″ E)",2016,170 kg N/ha from sewage sludge,Cr,,False,,1.0,10.5,mg/kg,11.47,False,Straw,True,True,,,Luvisol (loamy sand),,,180.0,Field experiment. Data are means for 2014-2016. Soil concentration is for 'available' forms (1 M HCl extractant).
64,Cannabis sativa,10.3390/agronomy10060907,Tygra,"Poświętne, Poland (52°38′07.5″ N, 20°22′51.3″ E)",2016,170 kg N/ha from sewage sludge,Cr,,False,,1.0,19.0,mg/kg,21.72,False,Inflorescences,True,True,,,Luvisol (loamy sand),,,180.0,Field experiment. Data are means for 2014-2016. Soil concentration is for 'available' forms (1 M HCl extractant).
65,Cannabis sativa,10.3390/agronomy10060907,Beniko,"Poświętne, Poland (52°38′07.5″ N, 20°22′51.3″ E)",2016,170 kg N/ha from sewage sludge,Cr,,False,,1.05,10.0,mg/kg,9.03,False,Straw,True,True,,,Luvisol (loamy sand),,,180.0,Field experiment. Data are means for 2014-2016. Soil concentration is for 'available' forms (1 M HCl extractant).
66,Cannabis sativa,10.3390/agronomy10060907,Beniko,"Poświętne, Poland (52°38′07.5″ N, 20°22′51.3″ E)",2016,170 kg N/ha from sewage sludge,Cr,,False,,1.05,16.0,mg/kg,17.42,False,Inflorescences,True,True,,,Luvisol (loamy sand),,,180.0,Field experiment. Data are means for 2014-2016. Soil concentration is for 'available' forms (1 M HCl extractant).
67,Cannabis sativa,10.3390/agronomy10060907,Białobrzeskie,"Poświętne, Poland (52°38′07.5″ N, 20°22′51.3″ E)",2016,170 kg N/ha from sewage sludge and 100 kg/ha of phosphogypsum,Cr,,False,,1.05,8.5,mg/kg,8.25,False,Straw,True,True,,,Luvisol (loamy sand),,,180.0,Field experiment. Data are means for 2014-2016. Soil concentration is for 'available' forms (1 M HCl extractant).
68,Cannabis sativa,10.3390/agronomy10060907,Białobrzeskie,"Poświętne, Poland (52°38′07.5″ N, 20°22′51.3″ E)",2016,170 kg N/ha from sewage sludge and 100 kg/ha of phosphogypsum,Cr,,False,,1.05,12.0,mg/kg,10.42,False,Inflorescences,True,True,,,Luvisol (loamy sand),,,180.0,Field experiment. Data are means for 2014-2016. Soil concentration is for 'available' forms (1 M HCl extractant).
69,Cannabis sativa,10.3390/agronomy10060907,Tygra,"Poświętne, Poland (52°38′07.5″ N, 20°22′51.3″ E)",2016,170 kg N/ha from sewage sludge and 100 kg/ha of phosphogypsum,Cr,,False,,1.0,9.0,mg/kg,9.54,False,Straw,True,True,,,Luvisol (loamy sand),,,180.0,Field experiment. Data are means for 2014-2016. Soil concentration is for 'available' forms (1 M HCl extractant).
70,Cannabis sativa,10.3390/agronomy10060907,Tygra,"Poświętne, Poland (52°38′07.5″ N, 20°22′51.3″ E)",2016,170 kg N/ha from sewage sludge and 100 kg/ha of phosphogypsum,Cr,,False,,1.0,14.0,mg/kg,21.1,False,Inflorescences,True,True,,,Luvisol (loamy sand),,,180.0,Field experiment. Data are means for 2014-2016. Soil concentration is for 'available' forms (1 M HCl extractant).
71,Cannabis sativa,10.3390/agronomy10060907,Beniko,"Poświętne, Poland (52°38′07.5″ N, 20°22′51.3″ E)",2016,170 kg N/ha from sewage sludge and 100 kg/ha of phosphogypsum,Cr,,False,,1.05,8.8,mg/kg,9.72,False,Straw,True,True,,,Luvisol (loamy sand),,,180.0,Field experiment. Data are means for 2014-2016. Soil concentration is for 'available' forms (1 M HCl extractant).
72,Cannabis sativa,10.3390/agronomy10060907,Beniko,"Poświętne, Poland (52°38′07.5″ N, 20°22′51.3″ E)",2016,170 kg N/ha from sewage sludge and 100 kg/ha of phosphogypsum,Cr,,False,,1.05,12.5,mg/kg,15.01,False,Inflorescences,True,True,,,Luvisol (loamy sand),,,180.0,Field experiment. Data are means for 2014-2016. Soil concentration is for 'available' forms (1 M HCl extractant).
73,Cannabis sativa,10.3390/agronomy10060907,Białobrzeskie,"Poświętne, Poland (52°38′07.5″ N, 20°22′51.3″ E)",2016,170 kg N/ha from sewage sludge and 500 kg/ha of phosphogypsum,Cr,,False,,1.0,9.0,mg/kg,7.92,False,Straw,True,True,,,Luvisol (loamy sand),,,180.0,Field experiment. Data are means for 2014-2016. Soil concentration is for 'available' forms (1 M HCl extractant).
74,Cannabis sativa,10.3390/agronomy10060907,Białobrzeskie,"Poświętne, Poland (52°38′07.5″ N, 20°22′51.3″ E)",2016,170 kg N/ha from sewage sludge and 500 kg/ha of phosphogypsum,Cr,,False,,1.0,13.5,mg/kg,9.75,False,Inflorescences,True,True,,,Luvisol (loamy sand),,,180.0,Field experiment. Data are means for 2014-2016. Soil concentration is for 'available' forms (1 M HCl extractant).
75,Cannabis sativa,10.3390/agronomy10060907,Tygra,"Poświętne, Poland (52°38′07.5″ N, 20°22′51.3″ E)",2016,170 kg N/ha from sewage sludge and 500 kg/ha of phosphogypsum,Cr,,False,,0.95,9.5,mg/kg,9.18,False,Straw,True,True,,,Luvisol (loamy sand),,,180.0,Field experiment. Data are means for 2014-2016. Soil concentration is for 'available' forms (1 M HCl extractant).
76,Cannabis sativa,10.3390/agronomy10060907,Tygra,"Poświętne, Poland (52°38′07.5″ N, 20°22′51.3″ E)",2016,170 kg N/ha from sewage sludge and 500 kg/ha of phosphogypsum,Cr,,False,,0.95,15.0,mg/kg,20.62,False,Inflorescences,True,True,,,Luvisol (loamy sand),,,180.0,Field experiment. Data are means for 2014-2016. Soil concentration is for 'available' forms (1 M HCl extractant).
77,Cannabis sativa,10.3390/agronomy10060907,Beniko,"Poświętne, Poland (52°38′07.5″ N, 20°22′51.3″ E)",2016,170 kg N/ha from sewage sludge and 500 kg/ha of phosphogypsum,Cr,,False,,1.0,9.2,mg/kg,10.16,False,Straw,True,True,,,Luvisol (loamy sand),,,180.0,Field experiment. Data are means for 2014-2016. Soil concentration is for 'available' forms (1 M HCl extractant).
78,Cannabis sativa,10.3390/agronomy10060907,Beniko,"Poświętne, Poland (52°38′07.5″ N, 20°22′51.3″ E)",2016,170 kg N/ha from sewage sludge and 500 kg/ha of phosphogypsum,Cr,,False,,1.0,13.0,mg/kg,16.27,False,Inflorescences,True,True,,,Luvisol (loamy sand),,,180.0,Field experiment. Data are means for 2014-2016. Soil concentration is for 'available' forms (1 M HCl extractant).
79,Cannabis sativa,10.3390/agronomy10060907,Białobrzeskie,"Poświętne, Poland (52°38′07.5″ N, 20°22′51.3″ E)",2016,170 kg N/ha from sewage sludge and 1000 kg/ha of phosphogypsum,Cr,,False,,0.95,8.2,mg/kg,8.48,False,Straw,True,True,,,Luvisol (loamy sand),,,180.0,Field experiment. Data are means for 2014-2016. Soil concentration is for 'available' forms (1 M HCl extractant).
80,Cannabis sativa,10.3390/agronomy10060907,Białobrzeskie,"Poświętne, Poland (52°38′07.5″ N, 20°22′51.3″ E)",2016,170 kg N/ha from sewage sludge and 1000 kg/ha of phosphogypsum,Cr,,False,,0.95,11.0,mg/kg,10.89,False,Inflorescences,True,True,,,Luvisol (loamy sand),,,180.0,Field experiment. Data are means for 2014-2016. Soil concentration is for 'available' forms (1 M HCl extractant).
81,Cannabis sativa,10.3390/agronomy10060907,Tygra,"Poświętne, Poland (52°38′07.5″ N, 20°22′51.3″ E)",2016,170 kg N/ha from sewage sludge and 1000 kg/ha of phosphogypsum,Cr,,False,,0.9,7.8,mg/kg,8.16,False,Straw,True,True,,,Luvisol (loamy sand),,,180.0,Field experiment. Data are means for 2014-2016. Soil concentration is for 'available' forms (1 M HCl extractant).
82,Cannabis sativa,10.3390/agronomy10060907,Tygra,"Poświętne, Poland (52°38′07.5″ N, 20°22′51.3″ E)",2016,170 kg N/ha from sewage sludge and 1000 kg/ha of phosphogypsum,Cr,,False,,0.9,12.0,mg/kg,18.3,False,Inflorescences,True,True,,,Luvisol (loamy sand),,,180.0,Field experiment. Data are means for 2014-2016. Soil concentration is for 'available' forms (1 M HCl extractant).
83,Cannabis sativa,10.3390/agronomy10060907,Beniko,"Poświętne, Poland (52°38′07.5″ N, 20°22′51.3″ E)",2016,170 kg N/ha from sewage sludge and 1000 kg/ha of phosphogypsum,Cr,,False,,0.95,7.5,mg/kg,9.8,False,Straw,True,True,,,Luvisol (loamy sand),,,180.0,Field experiment. Data are means for 2014-2016. Soil concentration is for 'available' forms (1 M HCl extractant).
84,Cannabis sativa,10.3390/agronomy10060907,Beniko,"Poświętne, Poland (52°38′07.5″ N, 20°22′51.3″ E)",2016,170 kg N/ha from sewage sludge and 1000 kg/ha of phosphogypsum,Cr,,False,,0.95,10.5,mg/kg,15.39,False,Inflorescences,True,True,,,Luvisol (loamy sand),,,180.0,Field experiment. Data are means for 2014-2016. Soil concentration is for 'available' forms (1 M HCl extractant).
85,Cannabis sativa,10.3390/agronomy10060907,Białobrzeskie,"Poświętne, Poland (52°38′07.5″ N, 20°22′51.3″ E)",2016,Control,Cu,,False,,3.0,1.5,mg/kg,0.38,False,Straw,True,True,,,Luvisol (loamy sand),,,180.0,Field experiment. Data are means for 2014-2016. Soil concentration is for 'available' forms (1 M HCl extractant).
86,Cannabis sativa,10.3390/agronomy10060907,Białobrzeskie,"Poświętne, Poland (52°38′07.5″ N, 20°22′51.3″ E)",2016,Control,Cu,,False,,3.0,5.0,mg/kg,1.73,False,Inflorescences,True,True,,,Luvisol (loamy sand),,,180.0,Field experiment. Data are means for 2014-2016. Soil concentration is for 'available' forms (1 M HCl extractant).
87,Cannabis sativa,10.3390/agronomy10060907,Tygra,"Poświętne, Poland (52°38′07.5″ N, 20°22′51.3″ E)",2016,Control,Cu,,False,,2.9,1.3,mg/kg,0.52,False,Straw,True,True,,,Luvisol (loamy sand),,,180.0,Field experiment. Data are means for 2014-2016. Soil concentration is for 'available' forms (1 M HCl extractant).
88,Cannabis sativa,10.3390/agronomy10060907,Tygra,"Poświętne, Poland (52°38′07.5″ N, 20°22′51.3″ E)",2016,Control,Cu,,False,,2.9,4.8,mg/kg,1.47,False,Inflorescences,True,True,,,Luvisol (loamy sand),,,180.0,Field experiment. Data are means for 2014-2016. Soil concentration is for 'available' forms (1 M HCl extractant).
89,Cannabis sativa,10.3390/agronomy10060907,Beniko,"Poświętne, Poland (52°38′07.5″ N, 20°22′51.3″ E)",2016,Control,Cu,,False,,2.8,1.0,mg/kg,0.37,False,Straw,True,True,,,Luvisol (loamy sand),,,180.0,Field experiment. Data are means for 2014-2016. Soil concentration is for 'available' forms (1 M HCl extractant).
90,Cannabis sativa,10.3390/agronomy10060907,Beniko,"Poświętne, Poland (52°38′07.5″ N, 20°22′51.3″ E)",2016,Control,Cu,,False,,2.8,4.5,mg/kg,1.75,False,Inflorescences,True,True,,,Luvisol (loamy sand),,,180.0,Field experiment. Data are means for 2014-2016. Soil concentration is for 'available' forms (1 M HCl extractant).
91,Cannabis sativa,10.3390/agronomy10060907,Białobrzeskie,"Poświętne, Poland (52°38′07.5″ N, 20°22′51.3″ E)",2016,170 kg N/ha from sewage sludge,Cu,,False,,3.4,1.6,mg/kg,0.39,False,Straw,True,True,,,Luvisol (loamy sand),,,180.0,Field experiment. Data are means for 2014-2016. Soil concentration is for 'available' forms (1 M HCl extractant).
92,Cannabis sativa,10.3390/agronomy10060907,Białobrzeskie,"Poświętne, Poland (52°38′07.5″ N, 20°22′51.3″ E)",2016,170 kg N/ha from sewage sludge,Cu,,False,,3.4,6.5,mg/kg,1.76,False,Inflorescences,True,True,,,Luvisol (loamy sand),,,180.0,Field experiment. Data are means for 2014-2016. Soil concentration is for 'available' forms (1 M HCl extractant).
93,Cannabis sativa,10.3390/agronomy10060907,Tygra,"Poświętne, Poland (52°38′07.5″ N, 20°22′51.3″ E)",2016,170 kg N/ha from sewage sludge,Cu,,False,,3.4,1.7,mg/kg,0.51,False,Straw,True,True,,,Luvisol (loamy sand),,,180.0,Field experiment. Data are means for 2014-2016. Soil concentration is for 'available' forms (1 M HCl extractant).
94,Cannabis sativa,10.3390/agronomy10060907,Tygra,"Poświętne, Poland (52°38′07.5″ N, 20°22′51.3″ E)",2016,170 kg N/ha from sewage sludge,Cu,,False,,3.4,6.2,mg/kg,2.08,False,Inflorescences,True,True,,,Luvisol (loamy sand),,,180.0,Field experiment. Data are means for 2014-2016. Soil concentration is for 'available' forms (1 M HCl extractant).
95,Cannabis sativa,10.3390/agronomy10060907,Beniko,"Poświętne, Poland (52°38′07.5″ N, 20°22′51.3″ E)",2016,170 kg N/ha from sewage sludge,Cu,,False,,3.4,1.55,mg/kg,0.49,False,Straw,True,True,,,Luvisol (loamy sand),,,180.0,Field experiment. Data are means for 2014-2016. Soil concentration is for 'available' forms (1 M HCl extractant).
96,Cannabis sativa,10.3390/agronomy10060907,Beniko,"Poświętne, Poland (52°38′07.5″ N, 20°22′51.3″ E)",2016,170 kg N/ha from sewage sludge,Cu,,False,,3.4,6.0,mg/kg,1.86,False,Inflorescences,True,True,,,Luvisol (loamy sand),,,180.0,Field experiment. Data are means for 2014-2016. Soil concentration is for 'available' forms (1 M HCl extractant).
97,Cannabis sativa,10.3390/agronomy10060907,Białobrzeskie,"Poświętne, Poland (52°38′07.5″ N, 20°22′51.3″ E)",2016,170 kg N/ha from sewage sludge and 100 kg/ha of phosphogypsum,Cu,,False,,3.4,1.3,mg/kg,0.36,False,Straw,True,True,,,Luvisol (loamy sand),,,180.0,Field experiment. Data are means for 2014-2016. Soil concentration is for 'available' forms (1 M HCl extractant).
98,Cannabis sativa,10.3390/agronomy10060907,Białobrzeskie,"Poświętne, Poland (52°38′07.5″ N, 20°22′51.3″ E)",2016,170 kg N/ha from sewage sludge and 100 kg/ha of phosphogypsum,Cu,,False,,3.4,5.8,mg/kg,1.69,False,Inflorescences,True,True,,,Luvisol (loamy sand),,,180.0,Field experiment. Data are means for 2014-2016. Soil concentration is for 'available' forms (1 M HCl extractant).
99,Cannabis sativa,10.3390/agronomy10060907,Tygra,"Poświętne, Poland (52°38′07.5″ N, 20°22′51.3″ E)",2016,170 kg N/ha from sewage sludge and 100 kg/ha of phosphogypsum,Cu,,False,,3.3,1.1,mg/kg,0.28,False,Straw,True,True,,,Luvisol (loamy sand),,,180.0,Field experiment. Data are means for 2014-2016. Soil concentration is for 'available' forms (1 M HCl extractant).
100,Cannabis sativa,10.3390/agronomy10060907,Tygra,"Poświętne, Poland (52°38′07.5″ N, 20°22′51.3″ E)",2016,170 kg N/ha from sewage sludge and 100 kg/ha of phosphogypsum,Cu,,False,,3.3,5.6,mg/kg,1.76,False,Inflorescences,True,True,,,Luvisol (loamy sand),,,180.0,Field experiment. Data are means for 2014-2016. Soil concentration is for 'available' forms (1 M HCl extractant).
101,Cannabis sativa,10.3390/agronomy10060907,Beniko,"Poświętne, Poland (52°38′07.5″ N, 20°22′51.3″ E)",2016,170 kg N/ha from sewage sludge and 100 kg/ha of phosphogypsum,Cu,,False,,3.3,1.0,mg/kg,0.3,False,Straw,True,True,,,Luvisol (loamy sand),,,180.0,Field experiment. Data are means for 2014-2016. Soil concentration is for 'available' forms (1 M HCl extractant).
102,Cannabis sativa,10.3390/agronomy10060907,Beniko,"Poświętne, Poland (52°38′07.5″ N, 20°22′51.3″ E)",2016,170 kg N/ha from sewage sludge and 100 kg/ha of phosphogypsum,Cu,,False,,3.3,5.5,mg/kg,1.21,False,Inflorescences,True,True,,,Luvisol (loamy sand),,,180.0,Field experiment. Data are means for 2014-2016. Soil concentration is for 'available' forms (1 M HCl extractant).
103,Cannabis sativa,10.3390/agronomy10060907,Białobrzeskie,"Poświętne, Poland (52°38′07.5″ N, 20°22′51.3″ E)",2016,170 kg N/ha from sewage sludge and 500 kg/ha of phosphogypsum,Cu,,False,,3.1,1.4,mg/kg,0.31,False,Straw,True,True,,,Luvisol (loamy sand),,,180.0,Field experiment. Data are means for 2014-2016. Soil concentration is for 'available' forms (1 M HCl extractant).
104,Cannabis sativa,10.3390/agronomy10060907,Białobrzeskie,"Poświętne, Poland (52°38′07.5″ N, 20°22′51.3″ E)",2016,170 kg N/ha from sewage sludge and 500 kg/ha of phosphogypsum,Cu,,False,,3.1,5.0,mg/kg,1.57,False,Inflorescences,True,True,,,Luvisol (loamy sand),,,180.0,Field experiment. Data are means for 2014-2016. Soil concentration is for 'available' forms (1 M HCl extractant).
105,Cannabis sativa,10.3390/agronomy10060907,Tygra,"Poświętne, Poland (52°38′07.5″ N, 20°22′51.3″ E)",2016,170 kg N/ha from sewage sludge and 500 kg/ha of phosphogypsum,Cu,,False,,3.0,1.2,mg/kg,0.29,False,Straw,True,True,,,Luvisol (loamy sand),,,180.0,Field experiment. Data are means for 2014-2016. Soil concentration is for 'available' forms (1 M HCl extractant).
106,Cannabis sativa,10.3390/agronomy10060907,Tygra,"Poświętne, Poland (52°38′07.5″ N, 20°22′51.3″ E)",2016,170 kg N/ha from sewage sludge and 500 kg/ha of phosphogypsum,Cu,,False,,3.0,4.8,mg/kg,1.54,False,Inflorescences,True,True,,,Luvisol (loamy sand),,,180.0,Field experiment. Data are means for 2014-2016. Soil concentration is for 'available' forms (1 M HCl extractant).
107,Cannabis sativa,10.3390/agronomy10060907,Beniko,"Poświętne, Poland (52°38′07.5″ N, 20°22′51.3″ E)",2016,170 kg N/ha from sewage sludge and 500 kg/ha of phosphogypsum,Cu,,False,,2.9,1.1,mg/kg,0.4,False,Straw,True,True,,,Luvisol (loamy sand),,,180.0,Field experiment. Data are means for 2014-2016. Soil concentration is for 'available' forms (1 M HCl extractant).
108,Cannabis sativa,10.3390/agronomy10060907,Beniko,"Poświętne, Poland (52°38′07.5″ N, 20°22′51.3″ E)",2016,170 kg N/ha from sewage sludge and 500 kg/ha of phosphogypsum,Cu,,False,,2.9,4.6,mg/kg,1.46,False,Inflorescences,True,True,,,Luvisol (loamy sand),,,180.0,Field experiment. Data are means for 2014-2016. Soil concentration is for 'available' forms (1 M HCl extractant).
109,Cannabis sativa,10.3390/agronomy10060907,Białobrzeskie,"Poświętne, Poland (52°38′07.5″ N, 20°22′51.3″ E)",2016,170 kg N/ha from sewage sludge and 1000 kg/ha of phosphogypsum,Cu,,False,,3.3,1.2,mg/kg,0.28,False,Straw,True,True,,,Luvisol (loamy sand),,,180.0,Field experiment. Data are means for 2014-2016. Soil concentration is for 'available' forms (1 M HCl extractant).
110,Cannabis sativa,10.3390/agronomy10060907,Białobrzeskie,"Poświętne, Poland (52°38′07.5″ N, 20°22′51.3″ E)",2016,170 kg N/ha from sewage sludge and 1000 kg/ha of phosphogypsum,Cu,,False,,3.3,4.8,mg/kg,1.58,False,Inflorescences,True,True,,,Luvisol (loamy sand),,,180.0,Field experiment. Data are means for 2014-2016. Soil concentration is for 'available' forms (1 M HCl extractant).
111,Cannabis sativa,10.3390/agronomy10060907,Tygra,"Poświętne, Poland (52°38′07.5″ N, 20°22′51.3″ E)",2016,170 kg N/ha from sewage sludge and 1000 kg/ha of phosphogypsum,Cu,,False,,3.2,0.95,mg/kg,0.24,False,Straw,True,True,,,Luvisol (loamy sand),,,180.0,Field experiment. Data are means for 2014-2016. Soil concentration is for 'available' forms (1 M HCl extractant).
112,Cannabis sativa,10.3390/agronomy10060907,Tygra,"Poświętne, Poland (52°38′07.5″ N, 20°22′51.3″ E)",2016,170 kg N/ha from sewage sludge and 1000 kg/ha of phosphogypsum,Cu,,False,,3.2,4.5,mg/kg,1.39,False,Inflorescences,True,True,,,Luvisol (loamy sand),,,180.0,Field experiment. Data are means for 2014-2016. Soil concentration is for 'available' forms (1 M HCl extractant).
113,Cannabis sativa,10.3390/agronomy10060907,Beniko,"Poświętne, Poland (52°38′07.5″ N, 20°22′51.3″ E)",2016,170 kg N/ha from sewage sludge and 1000 kg/ha of phosphogypsum,Cu,,False,,3.2,0.85,mg/kg,0.36,False,Straw,True,True,,,Luvisol (loamy sand),,,180.0,Field experiment. Data are means for 2014-2016. Soil concentration is for 'available' forms (1 M HCl extractant).
114,Cannabis sativa,10.3390/agronomy10060907,Beniko,"Poświętne, Poland (52°38′07.5″ N, 20°22′51.3″ E)",2016,170 kg N/ha from sewage sludge and 1000 kg/ha of phosphogypsum,Cu,,False,,3.2,4.2,mg/kg,1.2,False,Inflorescences,True,True,,,Luvisol (loamy sand),,,180.0,Field experiment. Data are means for 2014-2016. Soil concentration is for 'available' forms (1 M HCl extractant).
115,Cannabis sativa,10.3390/agronomy10060907,Białobrzeskie,"Poświętne, Poland (52°38′07.5″ N, 20°22′51.3″ E)",2016,Control,Fe,,False,,1100.0,21.0,mg/kg,0.02,False,Straw,True,True,,,Luvisol (loamy sand),,,180.0,Field experiment. Data are means for 2014-2016. Soil concentration is for 'available' forms (1 M HCl extractant).
116,Cannabis sativa,10.3390/agronomy10060907,Białobrzeskie,"Poświętne, Poland (52°38′07.5″ N, 20°22′51.3″ E)",2016,Control,Fe,,False,,1100.0,205.0,mg/kg,0.19,False,Inflorescences,True,True,,,Luvisol (loamy sand),,,180.0,Field experiment. Data are means for 2014-2016. Soil concentration is for 'available' forms (1 M HCl extractant).
117,Cannabis sativa,10.3390/agronomy10060907,Tygra,"Poświętne, Poland (52°38′07.5″ N, 20°22′51.3″ E)",2016,Control,Fe,,False,,1050.0,23.0,mg/kg,0.03,False,Straw,True,True,,,Luvisol (loamy sand),,,180.0,Field experiment. Data are means for 2014-2016. Soil concentration is for 'available' forms (1 M HCl extractant).
118,Cannabis sativa,10.3390/agronomy10060907,Tygra,"Poświętne, Poland (52°38′07.5″ N, 20°22′51.3″ E)",2016,Control,Fe,,False,,1050.0,190.0,mg/kg,0.16,False,Inflorescences,True,True,,,Luvisol (loamy sand),,,180.0,Field experiment. Data are means for 2014-2016. Soil concentration is for 'available' forms (1 M HCl extractant).
119,Cannabis sativa,10.3390/agronomy10060907,Beniko,"Poświętne, Poland (52°38′07.5″ N, 20°22′51.3″ E)",2016,Control,Fe,,False,,1000.0,22.0,mg/kg,0.02,False,Straw,True,True,,,Luvisol (loamy sand),,,180.0,Field experiment. Data are means for 2014-2016. Soil concentration is for 'available' forms (1 M HCl extractant).
120,Cannabis sativa,10.3390/agronomy10060907,Beniko,"Poświętne, Poland (52°38′07.5″ N, 20°22′51.3″ E)",2016,Control,Fe,,False,,1000.0,175.0,mg/kg,0.18,False,Inflorescences,True,True,,,Luvisol (loamy sand),,,180.0,Field experiment. Data are means for 2014-2016. Soil concentration is for 'available' forms (1 M HCl extractant).
121,Cannabis sativa,10.3390/agronomy10060907,Białobrzeskie,"Poświętne, Poland (52°38′07.5″ N, 20°22′51.3″ E)",2016,170 kg N/ha from sewage sludge,Fe,,False,,1450.0,32.0,mg/kg,0.02,False,Straw,True,True,,,Luvisol (loamy sand),,,180.0,Field experiment. Data are means for 2014-2016. Soil concentration is for 'available' forms (1 M HCl extractant).
122,Cannabis sativa,10.3390/agronomy10060907,Białobrzeskie,"Poświętne, Poland (52°38′07.5″ N, 20°22′51.3″ E)",2016,170 kg N/ha from sewage sludge,Fe,,False,,1450.0,230.0,mg/kg,0.14,False,Inflorescences,True,True,,,Luvisol (loamy sand),,,180.0,Field experiment. Data are means for 2014-2016. Soil concentration is for 'available' forms (1 M HCl extractant).
123,Cannabis sativa,10.3390/agronomy10060907,Tygra,"Poświętne, Poland (52°38′07.5″ N, 20°22′51.3″ E)",2016,170 kg N/ha from sewage sludge,Fe,,False,,1350.0,35.0,mg/kg,0.03,False,Straw,True,True,,,Luvisol (loamy sand),,,180.0,Field experiment. Data are means for 2014-2016. Soil concentration is for 'available' forms (1 M HCl extractant).
124,Cannabis sativa,10.3390/agronomy10060907,Tygra,"Poświętne, Poland (52°38′07.5″ N, 20°22′51.3″ E)",2016,170 kg N/ha from sewage sludge,Fe,,False,,1350.0,220.0,mg/kg,0.18,False,Inflorescences,True,True,,,Luvisol (loamy sand),,,180.0,Field experiment. Data are means for 2014-2016. Soil concentration is for 'available' forms (1 M HCl extractant).
125,Cannabis sativa,10.3390/agronomy10060907,Beniko,"Poświętne, Poland (52°38′07.5″ N, 20°22′51.3″ E)",2016,170 kg N/ha from sewage sludge,Fe,,False,,1300.0,33.0,mg/kg,0.02,False,Straw,True,True,,,Luvisol (loamy sand),,,180.0,Field experiment. Data are means for 2014-2016. Soil concentration is for 'available' forms (1 M HCl extractant).
126,Cannabis sativa,10.3390/agronomy10060907,Beniko,"Poświętne, Poland (52°38′07.5″ N, 20°22′51.3″ E)",2016,170 kg N/ha from sewage sludge,Fe,,False,,1300.0,210.0,mg/kg,0.13,False,Inflorescences,True,True,,,Luvisol (loamy sand),,,180.0,Field experiment. Data are means for 2014-2016. Soil concentration is for 'available' forms (1 M HCl extractant).
127,Cannabis sativa,10.3390/agronomy10060907,Białobrzeskie,"Poświętne, Poland (52°38′07.5″ N, 20°22′51.3″ E)",2016,170 kg N/ha from sewage sludge and 100 kg/ha of phosphogypsum,Fe,,False,,1300.0,28.0,mg/kg,0.02,False,Straw,True,True,,,Luvisol (loamy sand),,,180.0,Field experiment. Data are means for 2014-2016. Soil concentration is for 'available' forms (1 M HCl extractant).
128,Cannabis sativa,10.3390/agronomy10060907,Białobrzeskie,"Poświętne, Poland (52°38′07.5″ N, 20°22′51.3″ E)",2016,170 kg N/ha from sewage sludge and 100 kg/ha of phosphogypsum,Fe,,False,,1300.0,215.0,mg/kg,0.14,False,Inflorescences,True,True,,,Luvisol (loamy sand),,,180.0,Field experiment. Data are means for 2014-2016. Soil concentration is for 'available' forms (1 M HCl extractant).
129,Cannabis sativa,10.3390/agronomy10060907,Tygra,"Poświętne, Poland (52°38′07.5″ N, 20°22′51.3″ E)",2016,170 kg N/ha from sewage sludge and 100 kg/ha of phosphogypsum,Fe,,False,,1200.0,30.0,mg/kg,0.03,False,Straw,True,True,,,Luvisol (loamy sand),,,180.0,Field experiment. Data are means for 2014-2016. Soil concentration is for 'available' forms (1 M HCl extractant).
130,Cannabis sativa,10.3390/agronomy10060907,Tygra,"Poświętne, Poland (52°38′07.5″ N, 20°22′51.3″ E)",2016,170 kg N/ha from sewage sludge and 100 kg/ha of phosphogypsum,Fe,,False,,1200.0,200.0,mg/kg,0.19,False,Inflorescences,True,True,,,Luvisol (loamy sand),,,180.0,Field experiment. Data are means for 2014-2016. Soil concentration is for 'available' forms (1 M HCl extractant).
131,Cannabis sativa,10.3390/agronomy10060907,Beniko,"Poświętne, Poland (52°38′07.5″ N, 20°22′51.3″ E)",2016,170 kg N/ha from sewage sludge and 100 kg/ha of phosphogypsum,Fe,,False,,1150.0,29.0,mg/kg,0.02,False,Straw,True,True,,,Luvisol (loamy sand),,,180.0,Field experiment. Data are means for 2014-2016. Soil concentration is for 'available' forms (1 M HCl extractant).
132,Cannabis sativa,10.3390/agronomy10060907,Beniko,"Poświętne, Poland (52°38′07.5″ N, 20°22′51.3″ E)",2016,170 kg N/ha from sewage sludge and 100 kg/ha of phosphogypsum,Fe,,False,,1150.0,190.0,mg/kg,0.15,False,Inflorescences,True,True,,,Luvisol (loamy sand),,,180.0,Field experiment. Data are means for 2014-2016. Soil concentration is for 'available' forms (1 M HCl extractant).
133,Cannabis sativa,10.3390/agronomy10060907,Białobrzeskie,"Poświętne, Poland (52°38′07.5″ N, 20°22′51.3″ E)",2016,170 kg N/ha from sewage sludge and 500 kg/ha of phosphogypsum,Fe,,False,,1300.0,26.0,mg/kg,0.02,False,Straw,True,True,,,Luvisol (loamy sand),,,180.0,Field experiment. Data are means for 2014-2016. Soil concentration is for 'available' forms (1 M HCl extractant).
134,Cannabis sativa,10.3390/agronomy10060907,Białobrzeskie,"Poświętne, Poland (52°38′07.5″ N, 20°22′51.3″ E)",2016,170 kg N/ha from sewage sludge and 500 kg/ha of phosphogypsum,Fe,,False,,1300.0,190.0,mg/kg,0.11,False,Inflorescences,True,True,,,Luvisol (loamy sand),,,180.0,Field experiment. Data are means for 2014-2016. Soil concentration is for 'available' forms (1 M HCl extractant).
135,Cannabis sativa,10.3390/agronomy10060907,Tygra,"Poświętne, Poland (52°38′07.5″ N, 20°22′51.3″ E)",2016,170 kg N/ha from sewage sludge and 500 kg/ha of phosphogypsum,Fe,,False,,1250.0,28.0,mg/kg,0.03,False,Straw,True,True,,,Luvisol (loamy sand),,,180.0,Field experiment. Data are means for 2014-2016. Soil concentration is for 'available' forms (1 M HCl extractant).
136,Cannabis sativa,10.3390/agronomy10060907,Tygra,"Poświętne, Poland (52°38′07.5″ N, 20°22′51.3″ E)",2016,170 kg N/ha from sewage sludge and 500 kg/ha of phosphogypsum,Fe,,False,,1250.0,180.0,mg/kg,0.15,False,Inflorescences,True,True,,,Luvisol (loamy sand),,,180.0,Field experiment. Data are means for 2014-2016. Soil concentration is for 'available' forms (1 M HCl extractant).
137,Cannabis sativa,10.3390/agronomy10060907,Beniko,"Poświętne, Poland (52°38′07.5″ N, 20°22′51.3″ E)",2016,170 kg N/ha from sewage sludge and 500 kg/ha of phosphogypsum,Fe,,False,,1200.0,27.0,mg/kg,0.02,False,Straw,True,True,,,Luvisol (loamy sand),,,180.0,Field experiment. Data are means for 2014-2016. Soil concentration is for 'available' forms (1 M HCl extractant).
138,Cannabis sativa,10.3390/agronomy10060907,Beniko,"Poświętne, Poland (52°38′07.5″ N, 20°22′51.3″ E)",2016,170 kg N/ha from sewage sludge and 500 kg/ha of phosphogypsum,Fe,,False,,1200.0,170.0,mg/kg,0.19,False,Inflorescences,True,True,,,Luvisol (loamy sand),,,180.0,Field experiment. Data are means for 2014-2016. Soil concentration is for 'available' forms (1 M HCl extractant).
139,Cannabis sativa,10.3390/agronomy10060907,Białobrzeskie,"Poświętne, Poland (52°38′07.5″ N, 20°22′51.3″ E)",2016,170 kg N/ha from sewage sludge and 1000 kg/ha of phosphogypsum,Fe,,False,,1100.0,19.0,mg/kg,0.01,False,Straw,True,True,,,Luvisol (loamy sand),,,180.0,Field experiment. Data are means for 2014-2016. Soil concentration is for 'available' forms (1 M HCl extractant).
140,Cannabis sativa,10.3390/agronomy10060907,Białobrzeskie,"Poświętne, Poland (52°38′07.5″ N, 20°22′51.3″ E)",2016,170 kg N/ha from sewage sludge and 1000 kg/ha of phosphogypsum,Fe,,False,,1100.0,180.0,mg/kg,0.1,False,Inflorescences,True,True,,,Luvisol (loamy sand),,,180.0,Field experiment. Data are means for 2014-2016. Soil concentration is for 'available' forms (1 M HCl extractant).
141,Cannabis sativa,10.3390/agronomy10060907,Tygra,"Poświętne, Poland (52°38′07.5″ N, 20°22′51.3″ E)",2016,170 kg N/ha from sewage sludge and 1000 kg/ha of phosphogypsum,Fe,,False,,1050.0,18.0,mg/kg,0.02,False,Straw,True,True,,,Luvisol (loamy sand),,,180.0,Field experiment. Data are means for 2014-2016. Soil concentration is for 'available' forms (1 M HCl extractant).
142,Cannabis sativa,10.3390/agronomy10060907,Tygra,"Poświętne, Poland (52°38′07.5″ N, 20°22′51.3″ E)",2016,170 kg N/ha from sewage sludge and 1000 kg/ha of phosphogypsum,Fe,,False,,1050.0,170.0,mg/kg,0.15,False,Inflorescences,True,True,,,Luvisol (loamy sand),,,180.0,Field experiment. Data are means for 2014-2016. Soil concentration is for 'available' forms (1 M HCl extractant).
143,Cannabis sativa,10.3390/agronomy10060907,Beniko,"Poświętne, Poland (52°38′07.5″ N, 20°22′51.3″ E)",2016,170 kg N/ha from sewage sludge and 1000 kg/ha of phosphogypsum,Fe,,False,,1000.0,17.0,mg/kg,0.02,False,Straw,True,True,,,Luvisol (loamy sand),,,180.0,Field experiment. Data are means for 2014-2016. Soil concentration is for 'available' forms (1 M HCl extractant).
144,Cannabis sativa,10.3390/agronomy10060907,Beniko,"Poświętne, Poland (52°38′07.5″ N, 20°22′51.3″ E)",2016,170 kg N/ha from sewage sludge and 1000 kg/ha of phosphogypsum,Fe,,False,,1000.0,160.0,mg/kg,0.16,False,Inflorescences,True,True,,,Luvisol (loamy sand),,,180.0,Field experiment. Data are means for 2014-2016. Soil concentration is for 'available' forms (1 M HCl extractant).
145,Cannabis sativa,10.1080/01904167.2021.1881553,Yunma-1,"Kunming, China",2021,Control,Pb,,True,PbCl2,4000.0,76.8,mg/kg,0.0192,True,Leaf,True,False,7.18,5.264,,Pb-free water as needed,P2O5 (0.1 g/kg) and K2O (0.25 g/kg) applied to all treatments,,Pot experiment in a glass house. Harvested at fiber maturation stage.
146,Cannabis sativa,10.1080/01904167.2021.1881553,Yunma-1,"Kunming, China",2021,Control,Pb,,True,PbCl2,4000.0,470.8,mg/kg,0.1177,True,Stem,True,False,7.18,5.264,,Pb-free water as needed,P2O5 (0.1 g/kg) and K2O (0.25 g/kg) applied to all treatments,,Pot experiment in a glass house. Harvested at fiber maturation stage.
147,Cannabis sativa,10.1080/01904167.2021.1881553,Yunma-1,"Kunming, China",2021,Control,Pb,,True,PbCl2,4000.0,1772.3,mg/kg,0.443075,True,Root,True,False,7.18,5.264,,Pb-free water as needed,P2O5 (0.1 g/kg) and K2O (0.25 g/kg) applied to all treatments,,Pot experiment in a glass house. Harvested at fiber maturation stage.
148,Cannabis sativa,10.1080/01904167.2021.1881553,Yunma-1,"Kunming, China",2021,0.1 g/kg N fertilizer,Pb,,True,PbCl2,4000.0,142.7,mg/kg,0.035675,True,Leaf,True,False,7.18,5.264,,Pb-free water as needed,P2O5 (0.1 g/kg) and K2O (0.25 g/kg) applied to all treatments,,Pot experiment in a glass house. Harvested at fiber maturation stage.
149,Cannabis sativa,10.1080/01904167.2021.1881553,Yunma-1,"Kunming, China",2021,0.1 g/kg N fertilizer,Pb,,True,PbCl2,4000.0,138.8,mg/kg,0.0347,True,Stem,True,False,7.18,5.264,,Pb-free water as needed,P2O5 (0.1 g/kg) and K2O (0.25 g/kg) applied to all treatments,,Pot experiment in a glass house. Harvested at fiber maturation stage.
150,Cannabis sativa,10.1080/01904167.2021.1881553,Yunma-1,"Kunming, China",2021,0.1 g/kg N fertilizer,Pb,,True,PbCl2,4000.0,1118.0,mg/kg,0.2795,True,Root,True,False,7.18,5.264,,Pb-free water as needed,P2O5 (0.1 g/kg) and K2O (0.25 g/kg) applied to all treatments,,Pot experiment in a glass house. Harvested at fiber maturation stage.
151,Cannabis sativa,10.1080/01904167.2021.1881553,Yunma-1,"Kunming, China",2021,0.3 g/kg N fertilizer,Pb,,True,PbCl2,4000.0,114.7,mg/kg,0.028675,True,Leaf,True,False,7.18,5.264,,Pb-free water as needed,P2O5 (0.1 g/kg) and K2O (0.25 g/kg) applied to all treatments,,Pot experiment in a glass house. Harvested at fiber maturation stage.
152,Cannabis sativa,10.1080/01904167.2021.1881553,Yunma-1,"Kunming, China",2021,0.3 g/kg N fertilizer,Pb,,True,PbCl2,4000.0,203.6,mg/kg,0.0509,True,Stem,True,False,7.18,5.264,,Pb-free water as needed,P2O5 (0.1 g/kg) and K2O (0.25 g/kg) applied to all treatments,,Pot experiment in a glass house. Harvested at fiber maturation stage.
153,Cannabis sativa,10.1080/01904167.2021.1881553,Yunma-1,"Kunming, China",2021,0.3 g/kg N fertilizer,Pb,,True,PbCl2,4000.0,828.2,mg/kg,0.20705,True,Root,True,False,7.18,5.264,,Pb-free water as needed,P2O5 (0.1 g/kg) and K2O (0.25 g/kg) applied to all treatments,,Pot experiment in a glass house. Harvested at fiber maturation stage.
154,Cannabis sativa,10.1080/01904167.2021.1881553,Yunma-1,"Kunming, China",2021,0.5 g/kg N fertilizer,Pb,,True,PbCl2,4000.0,93.6,mg/kg,0.0234,True,Leaf,True,False,7.18,5.264,,Pb-free water as needed,P2O5 (0.1 g/kg) and K2O (0.25 g/kg) applied to all treatments,,Pot experiment in a glass house. Harvested at fiber maturation stage.
155,Cannabis sativa,10.1080/01904167.2021.1881553,Yunma-1,"Kunming, China",2021,0.5 g/kg N fertilizer,Pb,,True,PbCl2,4000.0,453.2,mg/kg,0.1133,True,Stem,True,False,7.18,5.264,,Pb-free water as needed,P2O5 (0.1 g/kg) and K2O (0.25 g/kg) applied to all treatments,,Pot experiment in a glass house. Harvested at fiber maturation stage.
156,Cannabis sativa,10.1080/01904167.2021.1881553,Yunma-1,"Kunming, China",2021,0.5 g/kg N fertilizer,Pb,,True,PbCl2,4000.0,1405.2,mg/kg,0.3513,True,Root,True,False,7.18,5.264,,Pb-free water as needed,P2O5 (0.1 g/kg) and K2O (0.25 g/kg) applied to all treatments,,Pot experiment in a glass house. Harvested at fiber maturation stage.
157,Cannabis sativa,10.1080/01904167.2021.1881553,Yunma-1,"Kunming, China",2021,0.7 g/kg N fertilizer,Pb,,True,PbCl2,4000.0,111.7,mg/kg,0.027925,True,Leaf,True,False,7.18,5.264,,Pb-free water as needed,P2O5 (0.1 g/kg) and K2O (0.25 g/kg) applied to all treatments,,Pot experiment in a glass house. Harvested at fiber maturation stage.
158,Cannabis sativa,10.1080/01904167.2021.1881553,Yunma-1,"Kunming, China",2021,0.7 g/kg N fertilizer,Pb,,True,PbCl2,4000.0,384.2,mg/kg,0.09605,True,Stem,True,False,7.18,5.264,,Pb-free water as needed,P2O5 (0.1 g/kg) and K2O (0.25 g/kg) applied to all treatments,,Pot experiment in a glass house. Harvested at fiber maturation stage.
159,Cannabis sativa,10.1080/01904167.2021.1881553,Yunma-1,"Kunming, China",2021,0.7 g/kg N fertilizer,Pb,,True,PbCl2,4000.0,1513.4,mg/kg,0.37835,True,Root,True,False,7.18,5.264,,Pb-free water as needed,P2O5 (0.1 g/kg) and K2O (0.25 g/kg) applied to all treatments,,Pot experiment in a glass house. Harvested at fiber maturation stage.
160,Cannabis sativa,10.1080/01904167.2021.1881553,Bamahuoma,"Kunming, China",2021,Control,Pb,,True,PbCl2,4000.0,111.5,mg/kg,0.027875,True,Leaf,True,False,7.18,5.264,,Pb-free water as needed,P2O5 (0.1 g/kg) and K2O (0.25 g/kg) applied to all treatments,,Pot experiment in a glass house. Harvested at fiber maturation stage.
161,Cannabis sativa,10.1080/01904167.2021.1881553,Bamahuoma,"Kunming, China",2021,Control,Pb,,True,PbCl2,4000.0,268.6,mg/kg,0.06715,True,Stem,True,False,7.18,5.264,,Pb-free water as needed,P2O5 (0.1 g/kg) and K2O (0.25 g/kg) applied to all treatments,,Pot experiment in a glass house. Harvested at fiber maturation stage.
162,Cannabis sativa,10.1080/01904167.2021.1881553,Bamahuoma,"Kunming, China",2021,Control,Pb,,True,PbCl2,4000.0,1461.5,mg/kg,0.365375,True,Root,True,False,7.18,5.264,,Pb-free water as needed,P2O5 (0.1 g/kg) and K2O (0.25 g/kg) applied to all treatments,,Pot experiment in a glass house. Harvested at fiber maturation stage.
163,Cannabis sativa,10.1080/01904167.2021.1881553,Bamahuoma,"Kunming, China",2021,0.1 g/kg N fertilizer,Pb,,True,PbCl2,4000.0,105.5,mg/kg,0.026375,True,Leaf,True,False,7.18,5.264,,Pb-free water as needed,P2O5 (0.1 g/kg) and K2O (0.25 g/kg) applied to all treatments,,Pot experiment in a glass house. Harvested at fiber maturation stage.
164,Cannabis sativa,10.1080/01904167.2021.1881553,Bamahuoma,"Kunming, China",2021,0.1 g/kg N fertilizer,Pb,,True,PbCl2,4000.0,237.3,mg/kg,0.059325,True,Stem,True,False,7.18,5.264,,Pb-free water as needed,P2O5 (0.1 g/kg) and K2O (0.25 g/kg) applied to all treatments,,Pot experiment in a glass house. Harvested at fiber maturation stage.
165,Cannabis sativa,10.1080/01904167.2021.1881553,Bamahuoma,"Kunming, China",2021,0.1 g/kg N fertilizer,Pb,,True,PbCl2,4000.0,909.2,mg/kg,0.2273,True,Root,True,False,7.18,5.264,,Pb-free water as needed,P2O5 (0.1 g/kg) and K2O (0.25 g/kg) applied to all treatments,,Pot experiment in a glass house. Harvested at fiber maturation stage.
166,Cannabis sativa,10.1080/01904167.2021.1881553,Bamahuoma,"Kunming, China",2021,0.3 g/kg N fertilizer,Pb,,True,PbCl2,4000.0,153.6,mg/kg,0.0384,True,Leaf,True,False,7.18,5.264,,Pb-free water as needed,P2O5 (0.1 g/kg) and K2O (0.25 g/kg) applied to all treatments,,Pot experiment in a glass house. Harvested at fiber maturation stage.
167,Cannabis sativa,10.1080/01904167.2021.1881553,Bamahuoma,"Kunming, China",2021,0.3 g/kg N fertilizer,Pb,,True,PbCl2,4000.0,264.4,mg/kg,0.0661,True,Stem,True,False,7.18,5.264,,Pb-free water as needed,P2O5 (0.1 g/kg) and K2O (0.25 g/kg) applied to all treatments,,Pot experiment in a glass house. Harvested at fiber maturation stage.
168,Cannabis sativa,10.1080/01904167.2021.1881553,Bamahuoma,"Kunming, China",2021,0.3 g/kg N fertilizer,Pb,,True,PbCl2,4000.0,1509.7,mg/kg,0.377425,True,Root,True,False,7.18,5.264,,Pb-free water as needed,P2O5 (0.1 g/kg) and K2O (0.25 g/kg) applied to all treatments,,Pot experiment in a glass house. Harvested at fiber maturation stage.
169,Cannabis sativa,10.1080/01904167.2021.1881553,Bamahuoma,"Kunming, China",2021,0.5 g/kg N fertilizer,Pb,,True,PbCl2,4000.0,156.1,mg/kg,0.039025,True,Leaf,True,False,7.18,5.264,,Pb-free water as needed,P2O5 (0.1 g/kg) and K2O (0.25 g/kg) applied to all treatments,,Pot experiment in a glass house. Harvested at fiber maturation stage.
170,Cannabis sativa,10.1080/01904167.2021.1881553,Bamahuoma,"Kunming, China",2021,0.5 g/kg N fertilizer,Pb,,True,PbCl2,4000.0,361.8,mg/kg,0.09045,True,Stem,True,False,7.18,5.264,,Pb-free water as needed,P2O5 (0.1 g/kg) and K2O (0.25 g/kg) applied to all treatments,,Pot experiment in a glass house. Harvested at fiber maturation stage.
171,Cannabis sativa,10.1080/01904167.2021.1881553,Bamahuoma,"Kunming, China",2021,0.5 g/kg N fertilizer,Pb,,True,PbCl2,4000.0,1133.2,mg/kg,0.2833,True,Root,True,False,7.18,5.264,,Pb-free water as needed,P2O5 (0.1 g/kg) and K2O (0.25 g/kg) applied to all treatments,,Pot experiment in a glass house. Harvested at fiber maturation stage.
172,Cannabis sativa,10.1080/01904167.2021.1881553,Bamahuoma,"Kunming, China",2021,0.7 g/kg N fertilizer,Pb,,True,PbCl2,4000.0,138.9,mg/kg,0.034725,True,Leaf,True,False,7.18,5.264,,Pb-free water as needed,P2O5 (0.1 g/kg) and K2O (0.25 g/kg) applied to all treatments,,Pot experiment in a glass house. Harvested at fiber maturation stage.
173,Cannabis sativa,10.1080/01904167.2021.1881553,Bamahuoma,"Kunming, China",2021,0.7 g/kg N fertilizer,Pb,,True,PbCl2,4000.0,255.1,mg/kg,0.063775,True,Stem,True,False,7.18,5.264,,Pb-free water as needed,P2O5 (0.1 g/kg) and K2O (0.25 g/kg) applied to all treatments,,Pot experiment in a glass house. Harvested at fiber maturation stage.
174,Cannabis sativa,10.1080/01904167.2021.1881553,Bamahuoma,"Kunming, China",2021,0.7 g/kg N fertilizer,Pb,,True,PbCl2,4000.0,1617.2,mg/kg,0.4043,True,Root,True,False,7.18,5.264,,Pb-free water as needed,P2O5 (0.1 g/kg) and K2O (0.25 g/kg) applied to all treatments,,Pot experiment in a glass house. Harvested at fiber maturation stage.
